Water,Strain,Rep,Tray,Leaf_count,Height,Aboveground_biomass,Beloground_biomass,Nodules,Nodule_counter,Notes
Dry,16,1,Dry1,29,5.75,1840,916,112,KR,
Dry,56,1,Dry1,21,9.5,1870,1062,76,KR,
Dry,74,1,Dry1,24,5.75,1490,665,37,KR,
Dry,97,1,Dry1,19,8.5,1618,605,45,KR,
Dry,100,1,Dry1,12,8.5,487,170,83,KR,
Dry,108,1,Dry1,15,8,1497,661,28,KR,
Dry,113,1,Dry1,27,5,1466,545,58,KR,
Dry,156,1,Dry1,16,8.75,1342,560,45,KR,
Dry,173,1,Dry1,19,7,1083,551,68,KR,
Dry,209,1,Dry1,27,8.5,1728,645,122,KR,
Dry,262,1,Dry1,20,7.5,1235,432,32,KR,
Dry,313,1,Dry1,17,10,1850,626,87,KR,
Dry,325,1,Dry1,26,9.5,1612,721,73,KR,
Dry,381,1,Dry1,13,10.25,1243,624,58,KR,
Dry,460,1,Dry1,14,9.75,1294,494,68,KR,
Dry,461,1,Dry1,16,7.75,1644,503,40,KR,
Dry,462,1,Dry1,20,10,1711,585,72,KR,
Dry,475,1,Dry1,16,7.5,1507,453,75,KR,
Dry,498,1,Dry1,6,2.9,92,59,51,KR,
Dry,596,1,Dry1,13,7,1296,552,56,KR,
Dry,636,1,Dry1,20,5.4,1452,982,103,KR,
Dry,651,1,Dry1,23,5.9,1226,561,38,KR,
Dry,706,1,Dry1,32,7.2,1200,604,84,KR,
Dry,726,1,Dry1,30,8.7,1814,746,22,KR,
Dry,729,1,Dry1,24,6.3,1653,921,150,KR,
Dry,773,1,Dry1,6,3.9,207,138,4,KR,
Dry,796,1,Dry1,24,9.4,1692,903,47,KR,
Dry,861,1,Dry1,22,7,1479,682,103,KR,
Dry,Sterile,1,Dry1,11,6,324,146,8,KR,
Dry,16,2,Dry1,16,8.6,1146,477,55,SP,
Dry,56,2,Dry1,17,8.1,1296,508,36,SP,
Dry,74,2,Dry1,18,10.4,1461,687,52,SP,
Dry,97,2,Dry1,18,8.4,1194,502,59,SP,
Dry,100,2,Dry1,16,6.4,1178,592,80,SP,
Dry,108,2,Dry1,25,7.5,1461,474,56,SP,
Dry,113,2,Dry1,16,7.6,1172,544,62,SP,
Dry,156,2,Dry1,17,6.9,1133,478,51,SP,
Dry,173,2,Dry1,15,6.5,1011,462,76,SP,
Dry,209,2,Dry1,31,5.5,1830,666,71,SP,
Dry,262,2,Dry1,19,7.8,1627,799,48,SP,
Dry,313,2,Dry1,25,8.9,2148,476,21,SP,
Dry,325,2,Dry1,16,8.5,1104,438,26,SP,
Dry,381,2,Dry1,16,6.6,1211,464,53,SP,
Dry,460,2,Dry1,10,7,566,266,95,FV,
Dry,461,2,Dry1,24,7.2,1546,691,71,FV,
Dry,462,2,Dry1,18,8.5,1840,635,55,FV,
Dry,475,2,Dry1,15,8.5,1030,381,57,FV,
Dry,498,2,Dry1,10,6.5,222,170,44,FV,
Dry,596,2,Dry2,15,9.2,965,344,62,FV,
Dry,636,2,Dry2,14,6.8,859,449,48,FV,
Dry,651,2,Dry2,17,7.9,1491,517,36,FV,
Dry,706,2,Dry2,11,4.1,94,33,16,FV,
Dry,726,2,Dry2,22,9.7,1475,331,55,FV,
Dry,729,2,Dry2,6,,164,85,19,FV,Missing data
Dry,773,2,Dry2,13,6.7,520,199,23,FV,
Dry,796,2,Dry2,28,6.8,1490,548,62,FV,
Dry,861,2,Dry2,36,6.8,1185,593,70,FV,
Dry,Sterile,2,Dry1,10,,282,155,0,SP,Missing data
Dry,16,3,Dry2,18,8.1,1034,409,96,FV,
Dry,56,3,Dry2,16,8.6,810,220,38,FV,
Dry,74,3,Dry2,12,7.9,657,200,30,FV,
Dry,97,3,Dry2,15,9.1,1682,434,72,FV,
Dry,100,3,Dry2,19,7.1,899,201,49,PS,
Dry,108,3,Dry2,13,7.8,1659,588,21,PS,
Dry,113,3,Dry2,20,7.7,960,354,41,PS,
Dry,156,3,Dry2,26,5.4,703,180,30,PS,
Dry,173,3,Dry2,13,9,403,156,43,PS,
Dry,209,3,Dry2,11,3.3,796,220,19,PS,Dead
Dry,262,3,Dry2,15,6.4,659,220,47,PS,
Dry,313,3,Dry2,13,9.3,940,361,16,PS,
Dry,325,3,Dry2,15,8.9,719,588,50,PS,
Dry,381,3,Dry2,24,6.5,1376,630,36,PS,
Dry,460,3,Dry2,20,5.9,937,329,74,PS,
Dry,461,3,Dry2,15,9.4,1246,508,32,PS,
Dry,462,3,Dry2,10,9.1,648,233,88,PS,
Dry,475,3,Dry2,21,6.6,1023,756,44,PS,
Dry,498,3,Dry2,8,2.8,73,64,48,PS,
Dry,596,3,Dry2,13,7.5,944,328,46,PS,
Dry,636,3,Dry2,14,4.5,182,60,23,PS,
Dry,651,3,Dry2,27,8.4,1462,669,97,PS,
Dry,706,3,Dry2,31,7,1044,278,52,PS,
Dry,726,3,Dry2,0,6,324,102,24,PS,Dead
Dry,729,3,Dry2,16,8.8,1500,587,30,PS,
Dry,773,3,Dry2,9,2.8,128,75,1,PS,
Dry,796,3,Dry2,22,7.5,896,329,20,PS,
Dry,861,3,Dry2,16,6.9,1254,505,37,PS,
Dry,Sterile,3,Dry2,4,,10,66,4,FV,Missing data
Dry,16,4,Dry2,17,7.5,1235,539,42,FV,
Dry,56,4,Dry2,17,6.6,1168,390,85,FV,
Dry,74,4,Dry2,16,8.2,1171,468,88,FV,
Dry,97,4,Dry2,19,5,1024,404,89,FV,
Dry,100,4,Dry2,11,4.9,71,26,8,FV,
Dry,108,4,Dry2,12,5.5,310,123,32,FV,
Dry,113,4,Dry2,15,4,645,272,74,FV,
Dry,156,4,Dry2,14,7.4,1100,687,4,FV,
Dry,173,4,Dry2,12,5.6,487,195,39,FV,
Dry,209,4,Dry2,16,7.6,1207,485,48,FV,
Dry,262,4,Dry3,12,7.1,361,143,52,FV,
Dry,313,4,Dry3,26,6,1725,649,78,FV,
Dry,325,4,Dry3,18,6.5,1053,728,80,FV,
Dry,381,4,Dry3,13,7,573,233,52,FV,
Dry,460,4,Dry3,13,7,963,493,72,FV,
Dry,461,4,Dry3,25,6.6,1170,650,82,FV,
Dry,462,4,Dry3,17,5.4,1435,707,90,FV,
Dry,475,4,Dry3,18,4.9,1072,608,71,FV,
Dry,498,4,Dry3,10,4,116,78,48,FV,
Dry,596,4,Dry3,16,6,1057,582,69,FV,
Dry,636,4,Dry3,17,6,1023,503,30,FV,
Dry,651,4,Dry3,16,8.3,1414,692,63,FV,
Dry,706,4,Dry3,22,3.5,1056,485,78,FV,
Dry,726,4,Dry3,27,7.4,1757,638,72,FV,
Dry,729,4,Dry3,12,8,802,437,81,FV,
Dry,773,4,Dry3,27,4.6,1163,660,89,FV,
Dry,796,4,Dry3,17,7.3,1180,561,69,FV,
Dry,861,4,Dry3,20,10.2,1036,407,47,FV,
Dry,Sterile,4,Dry2,6,,5,2,0,FV,Missing data
Dry,16,5,Dry3,16,6.2,1275,753,95,ERS,
Dry,56,5,Dry3,16,6.3,1291,707,78,ERS,
Dry,74,5,Dry3,18,5.7,1160,484,103,ERS,
Dry,97,5,Dry3,16,5.2,874,544,82,ERS,
Dry,100,5,Dry3,13,6.9,961,357,107,ERS,
Dry,108,5,Dry3,6,5,167,61,26,ERS,
Dry,113,5,Dry3,16,6.7,1009,549,95,ERS,
Dry,156,5,Dry3,14,12.2,745,399,78,ERS,
Dry,173,5,Dry3,21,6.6,1629,639,113,ERS,
Dry,209,5,Dry3,11,7,610,444,117,ERS,
Dry,262,5,Dry3,16,5.5,1154,721,70,ERS,
Dry,313,5,Dry3,28,5.5,1439,1008,142,ERS,
Dry,325,5,Dry3,16,7.9,809,579,147,ERS,
Dry,381,5,Dry3,23,5.9,1424,863,81,ERS,
Dry,460,5,Dry3,19,7.4,1520,874,79,ERS,
Dry,461,5,Dry3,13,6.4,1184,771,83,ERS,
Dry,462,5,Dry3,14,10.5,1141,455,86,ERS,
Dry,475,5,Dry3,12,4.3,883,810,138,ERS,
Dry,498,5,Dry3,10,4.4,160,111,121,ERS,
Dry,596,5,Dry3,18,6.8,1170,767,148,ERS,
Dry,636,5,Dry3,26,5.9,1990,952,145,ERS,
Dry,651,5,Dry3,16,6.6,805,379,147,ERS,
Dry,706,5,Dry3,25,6.1,1276,1163,188,ERS,
Dry,726,5,Dry3,13,6,536,426,161,ERS,
Dry,729,5,Dry3,14,7.8,957,757,137,ERS,
Dry,773,5,Dry3,15,10.1,1064,533,103,ERS,
Dry,796,5,Dry3,15,9.3,1191,888,125,ERS,
Dry,861,5,Dry3,15,4.5,1065,982,142,ERS,
Dry,Sterile,5,Dry3,9,,128,58,3,ERS,Missing data
Dry,16,6,Dry3,20,6.4,1478,572,132,ERS,
Dry,56,6,Dry4,13,8.9,965,416,144,ERS,
Dry,74,6,Dry4,17,7.2,1123,454,207,ERS,
Dry,97,6,Dry4,19,8.3,1523,484,63,ERS,
Dry,100,6,Dry4,18,6.3,863,455,65,ERS,
Dry,108,6,Dry4,14,6.5,1100,491,78,ERS,
Dry,113,6,Dry4,11,5.5,545,334,115,ERS,
Dry,156,6,Dry4,10,9.7,958,436,91,ERS,
Dry,173,6,Dry4,24,8.4,1378,836,117,ERS,
Dry,209,6,Dry4,19,7.9,849,438,67,PS,
Dry,262,6,Dry4,14,6,1257,606,57,PS,
Dry,313,6,Dry4,12,7,1559,490,33,PS,
Dry,325,6,Dry4,17,8.9,1219,753,73,PS,
Dry,381,6,Dry4,30,7.7,1453,660,58,PS,
Dry,460,6,Dry4,16,6.5,1136,457,56,PS,
Dry,461,6,Dry4,10,7.8,500,332,83,PS,
Dry,462,6,Dry4,19,6.5,1281,544,51,PS,
Dry,475,6,Dry4,12,8.2,619,296,92,PS,
Dry,498,6,Dry4,7,5.9,55,119,50,PS,
Dry,596,6,Dry4,16,7.1,1361,665,26,PS,
Dry,636,6,Dry4,16,9.1,1357,502,47,PS,
Dry,651,6,Dry4,18,6.6,1324,545,40,PS,
Dry,706,6,Dry4,10,4.4,303,190,55,PS,
Dry,726,6,Dry4,22,7.8,1683,551,80,PS,
Dry,729,6,Dry4,16,8.7,1340,464,59,PS,
Dry,773,6,Dry4,13,5.4,554,250,29,PS,
Dry,796,6,Dry4,22,6.4,1346,572,45,PS,
Dry,861,6,Dry4,16,5.3,1424,675,56,PS,
Dry,Sterile,6,Dry3,10,,25,15,0,ERS,Missing data
Dry,16,7,Dry4,16,9.8,1137,560,44,KR,
Dry,56,7,Dry4,15,5.9,811,465,65,KR,
Dry,74,7,Dry4,19,6.4,1328,785,107,KR,
Dry,97,7,Dry4,21,7.2,1515,780,86,KR,
Dry,100,7,Dry4,6,4.1,220,158,62,KR,
Dry,108,7,Dry4,14,7.7,1692,531,64,KR,
Dry,113,7,Dry4,21,2.4,30,18,3,KR,
Dry,156,7,Dry4,9,1.9,28,14,4,KR,
Dry,173,7,Dry4,15,4.4,435,341,20,KR,
Dry,209,7,Dry4,14,6.8,1219,4,65,KR,
Dry,262,7,Dry4,17,,,,,,Pot destroyed mid experiment
Dry,313,7,Dry4,12,5.9,935,473,31,KR,
Dry,325,7,Dry4,15,8.4,879,426,72,KR,
Dry,381,7,Dry4,22,7.4,1832,1356,54,KR,
Dry,460,7,Dry4,16,8.3,917,443,99,KR,
Dry,461,7,Dry4,10,7,610,247,26,KR,
Dry,462,7,Dry4,16,6.6,1441,490,81,KR,
Dry,475,7,Dry4,15,6.2,1118,473,33,KR,
Dry,498,7,Dry4,15,2.4,427,408,340,KR,
Dry,596,7,Dry4,16,9.9,882,440,51,KR,
Dry,636,7,Dry4,16,5.6,1216,784,48,KR,
Dry,651,7,Dry5,12,8.3,981,710,63,KR,
Dry,706,7,Dry5,17,6.5,651,305,47,KR,
Dry,726,7,Dry5,16,7.9,1081,614,33,KR,
Dry,729,7,Dry5,17,6.1,721,575,35,KR,
Dry,773,7,Dry5,15,11.5,986,420,16,KR,
Dry,796,7,Dry5,17,10,1203,750,20,KR,
Dry,861,7,Dry5,18,7.5,926,423,81,KR,
Dry,Sterile,7,Dry4,13,5.9,366,227,78,KR,
Dry,16,8,Dry5,19,4.5,964,680,92,FV,
Dry,56,8,Dry5,25,5.9,1325,812,108,FV,
Dry,74,8,Dry5,19,6.8,1304,613,126,FV,
Dry,97,8,Dry5,25,6,1182,730,134,FV,
Dry,100,8,Dry5,10,7.2,654,434,97,FV,
Dry,108,8,Dry5,12,8,1995,830,82,FV,
Dry,113,8,Dry5,16,7,832,469,49,FV,
Dry,156,8,Dry5,16,6.5,1664,781,78,FV,
Dry,173,8,Dry5,27,8.6,2062,1056,59,FV,
Dry,209,8,Dry5,17,10.8,1926,624,42,FV,
Dry,262,8,Dry5,13,9.2,671,309,52,FV,
Dry,313,8,Dry5,20,7.7,1333,580,88,FV,
Dry,325,8,Dry5,10,6.9,1401,855,53,FV,
Dry,381,8,Dry5,18,7.1,886,775,60,FV,
Dry,460,8,Dry5,18,8.7,1063,765,40,FV,
Dry,461,8,Dry5,13,7.4,875,388,43,FV,
Dry,462,8,Dry5,17,7.8,1155,558,58,FV,
Dry,475,8,Dry5,18,6.6,1665,739,78,FV,
Dry,498,8,Dry5,10,6,191,320,67,FV,
Dry,596,8,Dry5,22,5.6,1634,1060,110,FV,
Dry,636,8,Dry5,15,9.4,936,559,84,FV,
Dry,651,8,Dry5,22,9,1692,632,65,FV,
Dry,706,8,Dry5,15,8.5,1861,873,68,FV,
Dry,726,8,Dry5,16,6,1549,1080,118,FV,
Dry,729,8,Dry5,16,10.2,1198,543,72,FV,
Dry,773,8,Dry5,13,7.7,704,400,42,FV,
Dry,796,8,Dry5,16,6.4,1670,926,85,FV,
Dry,861,8,Dry5,15,8.5,861,461,72,FV,
Dry,Sterile,8,Dry5,21,,1288,461,89,FV,Missing data
Dry,16,9,Dry5,20,9.4,1724,692,68,YZ,
Dry,56,9,Dry5,16,8.2,1293,602,123,YZ,
Dry,74,9,Dry5,26,7.5,1981,1010,186,YZ,
Dry,97,9,Dry5,19,6.3,1238,524,236,YZ,
Dry,100,9,Dry5,17,6.6,1373,525,189,YZ,
Dry,108,9,Dry5,22,6.8,1241,399,94,YZ,
Dry,113,9,Dry5,13,5.6,562,341,49,YZ,
Dry,156,9,Dry5,12,9.2,978,370,52,YZ,
Dry,173,9,Dry5,17,8.5,1401,535,50,YZ,
Dry,209,9,Dry5,17,5.9,1023,481,56,YZ,
Dry,262,9,Dry5,21,5,1831,668,136,YZ,
Dry,313,9,Dry5,30,7.4,1895,861,179,YZ,
Dry,325,9,Dry6,16,8.1,1316,643,220,YZ,
Dry,381,9,Dry6,15,9.4,587,148,42,YZ,
Dry,460,9,Dry6,14,7.5,1398,483,90,YZ,
Dry,461,9,Dry6,21,5.3,1500,778,85,YZ,
Dry,462,9,Dry6,16,6.7,886,405,78,YZ,
Dry,475,9,Dry6,16,7,1167,383,35,YZ,
Dry,498,9,Dry6,4,3.2,51,41,35,YZ,
Dry,596,9,Dry6,10,8.9,800,433,33,YZ,
Dry,636,9,Dry6,18,5.7,1675,877,36,YZ,
Dry,651,9,Dry6,15,8.3,1274,570,49,YZ,
Dry,706,9,Dry6,24,5.8,1162,427,117,YZ,
Dry,726,9,Dry6,17,9.7,1578,587,49,YZ,
Dry,729,9,Dry6,26,8.4,1698,743,42,YZ,
Dry,773,9,Dry6,24,5.2,1479,713,38,YZ,
Dry,796,9,Dry6,19,5.8,910,461,58,YZ,
Dry,861,9,Dry6,30,5.5,2169,871,47,YZ,
Dry,Sterile,9,Dry5,18,,592,466,0,YZ,Missing data
Dry,16,10,Dry6,,,,,,,Dead
Dry,56,10,Dry6,13,6.2,742,328,43,FV,
Dry,74,10,Dry6,24,6.6,1578,390,31,FV,
Dry,97,10,Dry6,34,6.3,2080,579,46,FV,
Dry,100,10,Dry6,13,5.5,760,451,125,FV,
Dry,108,10,Dry6,17,7.2,1468,613,95,FV,
Dry,113,10,Dry6,16,7.1,1041,260,36,FV,
Dry,156,10,Dry6,18,7.3,1289,342,46,FV,
Dry,173,10,Dry6,23,5.4,1662,695,73,FV,
Dry,209,10,Dry6,20,6.6,1706,850,89,FV,
Dry,262,10,Dry6,22,6.4,1354,393,36,FV,
Dry,313,10,Dry6,20,6.2,1393,556,46,FV,
Dry,325,10,Dry6,28,7.5,1308,528,68,FV,
Dry,381,10,Dry6,32,6.5,2092,886,119,FV,
Dry,460,10,Dry6,17,9.5,1377,526,91,FV,
Dry,461,10,Dry6,19,6.7,1050,391,74,FV,
Dry,462,10,Dry6,12,8.5,620,262,53,FV,
Dry,475,10,Dry6,24,5.9,1472,732,55,FV,
Dry,498,10,Dry6,6,3.9,118,109,120,FV,
Dry,596,10,Dry6,22,7.2,1704,526,72,FV,
Dry,636,10,Dry6,19,5.7,1781,618,56,FV,
Dry,651,10,Dry6,21,7.3,1595,880,89,FV,
Dry,706,10,Dry6,24,4.3,1537,795,118,FV,
Dry,726,10,Dry6,19,7.5,1657,432,54,FV,
Dry,729,10,Dry6,19,5.2,1549,717,115,FV,
Dry,773,10,Dry6,10,4.1,329,147,13,FV,
Dry,796,10,Dry6,25,6.2,1527,635,103,FV,
Dry,861,10,Dry6,20,5.5,1211,407,47,FV,
Dry,Sterile,10,Dry6,9,4.9,357,366,61,FV,
Dry,16,11,Dry6,15,8.2,762,384,32,KR,
Dry,56,11,Dry6,14,6.4,1137,404,63,KR,
Dry,74,11,Dry6,12,6.9,1499,613,45,KR,
Dry,97,11,Dry7,13,6.7,1121,795,41,KR,
Dry,100,11,Dry7,10,7.4,187,106,56,KR,
Dry,108,11,Dry7,33,5.4,239,739,91,KR,
Dry,113,11,Dry7,15,7.6,936,383,64,KR,
Dry,156,11,Dry7,12,10.9,1193,585,75,KR,
Dry,173,11,Dry7,30,4.9,1193,803,85,KR,
Dry,209,11,Dry7,26,8.8,1793,793,100,KR,
Dry,262,11,Dry7,19,5.2,995,475,25,KR,
Dry,313,11,Dry7,19,8.8,1257,482,60,KR,
Dry,325,11,Dry7,28,9.3,1964,1101,48,KR,
Dry,381,11,Dry7,33,5.7,1661,814,29,KR,
Dry,460,11,Dry7,16,7.9,899,606,180,KR,
Dry,461,11,Dry7,33,5.5,1536,890,30,KR,
Dry,462,11,Dry7,17,6.5,1398,601,54,KR,
Dry,475,11,Dry7,12,7.7,973,499,213,KR,
Dry,498,11,Dry7,,,,,,KR,Dead
Dry,596,11,Dry7,27,5.4,1775,867,47,KR,
Dry,636,11,Dry7,21,6.2,1868,1034,33,KR,
Dry,651,11,Dry7,20,8.6,1746,848,86,KR,
Dry,706,11,Dry7,14,7.8,1098,519,49,KR,
Dry,726,11,Dry7,20,6.5,1309,590,65,KR,
Dry,729,11,Dry7,13,8.5,1275,714,60,KR,
Dry,773,11,Dry7,10,4.5,358,244,9,KR,
Dry,796,11,Dry7,20,7.9,1138,1171,63,KR,
Dry,861,11,Dry7,27,6.5,1454,875,80,KR,
Dry,Sterile,11,Dry6,24,5.5,1574,863,5,KR,
Dry,16,12,Dry7,17,6.2,1213,451,83,SP,
Dry,56,12,Dry7,14,9.7,1928,599,42,SP,
Dry,74,12,Dry7,,,,,,,Dead
Dry,97,12,Dry7,25,7,1848,651,90,SP,
Dry,100,12,Dry7,21,7.6,1804,889,57,SP,
Dry,108,12,Dry7,16,3.4,599,277,7,SP,
Dry,113,12,Dry7,13,8.9,972,329,50,SP,
Dry,156,12,Dry7,13,10.7,1438,445,88,SP,
Dry,173,12,Dry7,19,8.7,1377,563,79,SP,
Dry,209,12,Dry7,17,7.5,1386,383,72,SP,
Dry,262,12,Dry7,34,6,1967,922,93,SP,
Dry,313,12,Dry7,16,8.2,1162,347,85,SP,
Dry,325,12,Dry7,10,10.2,1065,329,52,SP,
Dry,381,12,Dry7,17,6.5,1644,602,53,SP,
Dry,460,12,Dry7,26,6.6,2024,743,89,SP,
Dry,461,12,Dry7,23,7,1882,616,109,SP,
Dry,462,12,Dry7,18,7.2,1695,686,67,SP,
Dry,475,12,Dry7,20,7.8,1778,685,94,SP,
Dry,498,12,Dry7,7,2.3,75,76,49,SP,
Dry,596,12,Dry7,23,7.4,1716,777,102,SP,
Dry,636,12,Dry7,23,5.2,1233,662,65,SP,
Dry,651,12,Dry7,18,8.9,1282,378,38,SP,
Dry,706,12,Dry7,17,4.9,1102,493,71,SP,
Dry,726,12,Dry8,13,5.7,850,341,34,SP,
Dry,729,12,Dry8,12,8.7,1081,567,63,SP,
Dry,773,12,Dry8,9,5.7,387,303,24,SP,
Dry,796,12,Dry8,21,9.2,967,325,15,YZ,
Dry,861,12,Dry8,24,6.5,1967,818,39,YZ,
Dry,Sterile,12,Dry7,10,4,341,126,2,SP,
Dry,16,13,Dry8,27,10.5,1783,543,84,FV,
Dry,56,13,Dry8,18,8.7,1050,722,112,FV,
Dry,74,13,Dry8,16,9,1221,608,128,FV,
Dry,97,13,Dry8,24,6.9,2277,1274,187,FV,
Dry,100,13,Dry8,9,9.4,521,251,65,FV,
Dry,108,13,Dry8,14,6.6,885,629,77,FV,
Dry,113,13,Dry8,15,10,1691,499,64,FV,
Dry,156,13,Dry8,12,8.3,1138,496,59,FV,
Dry,173,13,Dry8,30,7.9,1350,682,111,FV,
Dry,209,13,Dry8,24,7,1590,769,106,FV,
Dry,262,13,Dry8,17,8.1,1488,582,103,FV,
Dry,313,13,Dry8,21,8.1,1125,436,83,FV,
Dry,325,13,Dry8,15,10.5,1404,513,91,FV,
Dry,381,13,Dry8,29,7.1,2292,934,78,FV,
Dry,460,13,Dry8,21,9.2,1934,744,72,FV,
Dry,461,13,Dry8,12,6.1,731,247,33,FV,
Dry,462,13,Dry8,16,5.1,1268,569,74,FV,
Dry,475,13,Dry8,23,5.5,2239,894,93,FV,
Dry,498,13,Dry8,11,5.4,304,354,45,FV,
Dry,596,13,Dry8,19,6.9,636,337,129,FV,
Dry,636,13,Dry8,17,6.2,1431,634,106,FV,
Dry,651,13,Dry8,22,6,1569,899,110,FV,
Dry,706,13,Dry8,16,5,940,440,80,FV,
Dry,726,13,Dry8,23,7.1,1481,390,51,FV,
Dry,729,13,Dry8,17,10.3,1739,608,121,FV,
Dry,773,13,Dry8,10,5,214,163,6,FV,
Dry,796,13,Dry8,19,6.8,1353,588,40,FV,
Dry,861,13,Dry8,31,5.2,1814,911,115,FV,
Dry,Sterile,13,Dry8,,,,,,FV,No germination
Dry,16,14,Dry8,22,5,1106,441,164,YZ,
Dry,56,14,Dry8,13,8.5,773,221,51,YZ,
Dry,74,14,Dry8,16,9.5,1711,659,65,YZ,
Dry,97,14,Dry8,19,6.4,1326,447,28,YZ,
Dry,100,14,Dry8,8,9.4,300,148,151,YZ,
Dry,108,14,Dry8,,,,,,YZ,No germination
Dry,113,14,Dry8,11,11.2,956,267,42,YZ,
Dry,156,14,Dry8,14,6.3,975,444,71,YZ,
Dry,173,14,Dry8,15,6,1172,479,45,YZ,
Dry,209,14,Dry8,13,6.6,1442,515,52,YZ,
Dry,262,14,Dry8,12,5.5,1322,472,43,YZ,
Dry,313,14,Dry8,16,6.5,1393,512,90,YZ,
Dry,325,14,Dry8,13,7.5,1209,935,48,YZ,
Dry,381,14,Dry8,20,6.6,1610,722,67,YZ,
Dry,460,14,Dry9,19,6.5,829,511,57,YZ,
Dry,461,14,Dry9,21,7.2,1364,545,79,YZ,
Dry,462,14,Dry9,32,7.2,2036,936,37,YZ,
Dry,475,14,Dry9,24,5.9,1470,695,71,YZ,
Dry,498,14,Dry9,17,4.6,479,215,133,YZ,
Dry,596,14,Dry9,25,7.2,1378,510,61,YZ,
Dry,636,14,Dry9,30,6.2,2068,632,30,YZ,
Dry,651,14,Dry9,16,10,809,394,70,YZ,
Dry,706,14,Dry9,14,6.7,624,434,195,YZ,
Dry,726,14,Dry9,25,7.2,1380,633,37,YZ,
Dry,729,14,Dry9,25,7.3,1742,731,105,YZ,
Dry,773,14,Dry9,16,5.3,1405,535,34,YZ,
Dry,796,14,Dry9,14,8.3,1174,495,36,YZ,
Dry,861,14,Dry9,25,8,2342,698,38,YZ,
Dry,Sterile,14,Dry8,16,,1650,637,129,YZ,Missing data
Dry,16,15,Dry9,26,6.7,1734,870,112,FV,
Dry,56,15,Dry9,24,5.9,1267,680,118,FV,
Dry,74,15,Dry9,18,7.1,1215,622,80,FV,
Dry,97,15,Dry9,20,6.4,1124,741,106,FV,
Dry,100,15,Dry9,16,7.4,1070,714,160,FV,
Dry,108,15,Dry9,27,6.7,1449,866,124,FV,
Dry,113,15,Dry9,14,6.9,1039,600,67,FV,
Dry,156,15,Dry9,19,6.2,1783,1002,109,FV,
Dry,173,15,Dry9,19,7.9,1847,1011,92,FV,
Dry,209,15,Dry9,20,5.2,1334,947,88,FV,
Dry,262,15,Dry9,17,4.4,1394,802,84,FV,
Dry,313,15,Dry9,22,8.4,1860,869,95,FV,
Dry,325,15,Dry9,28,8,1621,1047,111,FV,
Dry,381,15,Dry9,15,6.4,1047,495,76,FV,
Dry,460,15,Dry9,22,7.3,1573,514,87,FV,
Dry,461,15,Dry9,33,7.2,1529,500,72,FV,
Dry,462,15,Dry9,17,7.5,1719,913,113,FV,
Dry,475,15,Dry9,29,6.3,1691,578,83,FV,
Dry,498,15,Dry9,4,3.4,213,283,150,FV,
Dry,596,15,Dry9,29,8.9,1855,945,64,FV,
Dry,636,15,Dry9,20,5.1,861,444,50,FV,
Dry,651,15,Dry9,19,6.6,1396,639,66,FV,
Dry,706,15,Dry9,19,7.6,1254,702,85,FV,
Dry,726,15,Dry9,23,7.3,1278,719,103,FV,
Dry,729,15,Dry9,24,8,1579,1160,128,FV,
Dry,773,15,Dry9,10,5.3,269,264,101,FV,
Dry,796,15,Dry9,25,5.6,1590,610,87,FV,
Dry,861,15,Dry9,15,6.9,1089,479,63,FV,
Dry,Sterile,15,Dry9,12,,261,171,5,FV,Missing data
Wet,16,1,Wet1,42,11.5,4589,1233,52,SP,
Wet,56,1,Wet1,29,9.75,4908,1170,55,SP,
Wet,74,1,Wet1,44,12,5890,1798,64,SP,
Wet,97,1,Wet1,38,12.75,4572,1501,81,SP,
Wet,100,1,Wet1,7,2,153,141,10,SP,
Wet,108,1,Wet1,28,11.5,2643,655,51,SP,
Wet,113,1,Wet1,26,,3638,1174,45,SP,Missing data
Wet,156,1,Wet1,21,13,3482,795,77,SP,
Wet,173,1,Wet1,21,14,3663,803,23,SP,
Wet,209,1,Wet1,41,,3723,1191,59,SP,Missing data
Wet,262,1,Wet1,48,13.3,7156,2408,84,SP,
Wet,313,1,Wet1,53,12,4711,1127,68,SP,
Wet,325,1,Wet1,27,10.3,1494,406,41,SP,
Wet,381,1,Wet1,51,11.4,4757,1440,63,SP,
Wet,460,1,Wet1,23,15.7,3067,945,39,SP,
Wet,461,1,Wet1,24,13.6,3492,1028,48,SP,
Wet,462,1,Wet1,32,14.1,3241,899,63,SP,
Wet,475,1,Wet1,27,13.6,3221,980,48,SP,
Wet,498,1,Wet1,3,,,,,,
Wet,596,1,Wet1,26,16.5,3281,682,85,SP,
Wet,636,1,Wet1,39,10.5,3916,1207,48,SP,
Wet,651,1,Wet1,45,12.2,4294,1260,73,SP,
Wet,706,1,Wet1,25,11.8,1689,829,70,SP,
Wet,726,1,Wet1,19,8.3,1258,389,71,SP,
Wet,729,1,Wet1,23,13.9,3569,1597,55,SP,
Wet,773,1,Wet1,32,17,4371,1474,38,SP,
Wet,796,1,Wet1,10,17.9,1773,550,52,SP,
Wet,861,1,Wet1,,,,,,,No germination
Wet,Sterile,1,Wet1,8,,1,1,0,SP,
Wet,16,2,Wet1,17,16.2,786,280,49,KR,
Wet,56,2,Wet1,45,8.7,2941,1029,46,SP,
Wet,74,2,Wet1,37,11.2,2742,1093,61,SP,
Wet,97,2,Wet1,54,11,2909,1014,43,SP,
Wet,100,2,Wet1,15,11.5,424,260,36,SP,
Wet,108,2,Wet1,27,11,2439,783,83,SP,
Wet,113,2,Wet1,25,16.2,2065,739,64,SP,
Wet,156,2,Wet1,24,12.8,2072,579,79,SP,
Wet,173,2,Wet1,19,13.8,1754,741,55,SP,
Wet,209,2,Wet1,25,14.2,2808,662,61,SP,
Wet,262,2,Wet1,60,11.2,4120,1930,69,SP,
Wet,313,2,Wet1,25,11.8,2080,830,79,SP,
Wet,325,2,Wet1,47,10.2,3881,1459,80,SP,
Wet,381,2,Wet1,45,25.2,4475,1381,37,SP,
Wet,460,2,Wet1,21,13.3,1270,392,77,SP,
Wet,461,2,Wet1,39,10.5,3018,801,45,SP,
Wet,462,2,Wet1,15,6.5,139,143,10,SP,
Wet,475,2,Wet1,24,10.4,2478,656,51,SP,
Wet,498,2,Wet1,9,2.5,65,42,73,SP,
Wet,596,2,Wet2,16,14.8,1521,553,39,SP,
Wet,636,2,Wet2,18,22.4,4277,807,46,SP,
Wet,651,2,Wet2,22,10.1,2141,746,42,SP,
Wet,706,2,Wet2,16,7.5,758,355,36,SP,
Wet,726,2,Wet2,30,12.9,2577,907,77,SP,
Wet,729,2,Wet2,31,12.4,4322,1341,117,KR,
Wet,773,2,Wet2,19,18.2,3500,1024,91,KR,
Wet,796,2,Wet2,41,12.4,2532,905,154,KR,
Wet,861,2,Wet2,48,16.4,4977,1183,82,KR,
Wet,Sterile,2,Wet1,13,,750,441,34,KR,Missing data
Wet,16,3,Wet2,48,13.5,6251,1785,121,FS,
Wet,56,3,Wet2,13,8.5,399,204,25,FS,
Wet,74,3,Wet2,15,15.6,1905,562,86,FS,
Wet,97,3,Wet2,30,14.3,3012,1328,73,FS,
Wet,100,3,Wet2,14,9.5,853,320,68,FS,
Wet,108,3,Wet2,28,15.4,5189,1078,59,FS,
Wet,113,3,Wet2,28,14.9,4213,1127,,FS,Missing roots
Wet,156,3,Wet2,16,23,1513,375,62,FS,
Wet,173,3,Wet2,67,13.8,6696,2951,150,FS,
Wet,209,3,Wet2,26,17.1,3443,1005,47,FS,
Wet,262,3,Wet2,47,10.8,7299,1990,148,FS,
Wet,313,3,Wet2,28,13,2955,936,104,FS,
Wet,325,3,Wet2,55,12.4,6405,2228,141,FS,
Wet,381,3,Wet2,38,13.5,5861,1261,52,FS,
Wet,460,3,Wet2,26,17.5,4759,1035,54,FS,
Wet,461,3,Wet2,16,22.4,4073,1218,42,FS,
Wet,462,3,Wet2,13,21.9,3168,885,47,FS,
Wet,475,3,Wet2,15,17.8,4205,943,82,FS,
Wet,498,3,Wet2,6,1,1,1,0,FS,
Wet,596,3,Wet2,33,15.8,6080,1378,70,FS,
Wet,636,3,Wet2,34,16.7,5168,965,41,FS,
Wet,651,3,Wet2,20,18.4,4234,1459,73,FS,
Wet,706,3,Wet2,26,15.6,3969,941,52,FS,
Wet,726,3,Wet2,30,13.5,4053,1449,56,FS,
Wet,729,3,Wet2,33,20.9,5785,1290,27,FS,
Wet,773,3,Wet2,7,2.1,20,36,1,FS,
Wet,796,3,Wet2,40,16.8,5684,1364,63,FS,
Wet,861,3,Wet2,16,16.8,4159,1000,59,FS,
Wet,Sterile,3,Wet2,,,,,,FS,No germination
Wet,16,4,Wet2,62,11.1,7624,2554,124,FV,
Wet,56,4,Wet2,14,12,683,390,81,FV,
Wet,74,4,Wet2,32,11,7121,1756,84,FV,
Wet,97,4,Wet2,16,14.1,3589,909,60,FV,
Wet,100,4,Wet2,16,15.4,3504,1186,98,FV,
Wet,108,4,Wet2,22,15.5,2462,678,62,FV,
Wet,113,4,Wet2,18,19.8,4372,1440,79,FV,
Wet,156,4,Wet2,45,13.3,5403,1855,105,FV,
Wet,173,4,Wet2,23,14.1,5993,1277,41,FV,
Wet,209,4,Wet2,38,11.6,5064,1715,47,FV,
Wet,262,4,Wet3,13,10.5,1003,491,43,FV,
Wet,313,4,Wet3,25,12.4,2667,8,56,FV,
Wet,325,4,Wet3,22,11.8,3088,1169,58,FV,
Wet,381,4,Wet3,,,,,,FV,No germination
Wet,460,4,Wet3,,,,,,FV,No germination
Wet,461,4,Wet3,20,15.8,3858,1398,91,FV,
Wet,462,4,Wet3,40,10.8,5183,1364,72,FV,
Wet,475,4,Wet3,18,7.7,538,247,38,FV,
Wet,498,4,Wet3,6,,,,,FV,No germination
Wet,596,4,Wet3,29,13.1,4047,1816,151,KR,
Wet,636,4,Wet3,33,14.5,3122,1300,125,KR,
Wet,651,4,Wet3,12,12.4,1507,865,112,KR,
Wet,706,4,Wet3,46,12.5,4273,1475,131,KR,
Wet,726,4,Wet3,41,11.8,3869,1421,135,KR,
Wet,729,4,Wet3,13,5.5,263,182,62,KR,
Wet,773,4,Wet3,4,1,4,8,0,KR,
Wet,796,4,Wet3,37,16.8,3962,1822,92,KR,
Wet,861,4,Wet3,60,9.8,8507,2525,227,KR,
Wet,Sterile,4,Wet2,9,,653,199,17,FV,Missing data
Wet,16,5,Wet3,16,14.9,2110,521,35,KR,
Wet,56,5,Wet3,25,13,2775,815,181,YZ,
Wet,74,5,Wet3,13,11.8,1011,282,93,YZ,
Wet,97,5,Wet3,30,13.5,3325,993,197,YZ,
Wet,100,5,Wet3,10,5.8,358,203,204,YZ,
Wet,108,5,Wet3,25,17.4,1794,479,78,YZ,
Wet,113,5,Wet3,34,12.4,3562,1066,128,YZ,
Wet,156,5,Wet3,,,,,,YZ,No germination
Wet,173,5,Wet3,16,19.2,2761,844,54,YZ,
Wet,209,5,Wet3,20,,2466,809,70,YZ,Missing data
Wet,262,5,Wet3,34,13.8,4967,1490,172,YZ,
Wet,313,5,Wet3,12,14,1390,553,127,YZ,
Wet,325,5,Wet3,22,10.8,2698,1281,42,YZ,
Wet,381,5,Wet3,35,14.6,5472,1107,265,YZ,
Wet,460,5,Wet3,24,17.2,3605,1259,73,YZ,
Wet,461,5,Wet3,36,11.2,5790,1433,80,YZ,
Wet,462,5,Wet3,13,10.5,1348,486,85,YZ,
Wet,475,5,Wet3,34,13.8,4674,1062,163,YZ,
Wet,498,5,Wet3,9,2.1,24,19,20,YZ,
Wet,596,5,Wet3,8,8.1,404,92,59,YZ,
Wet,636,5,Wet3,20,13.7,1473,540,61,YZ,
Wet,651,5,Wet3,16,13.4,2856,815,69,YZ,
Wet,706,5,Wet3,18,13.8,1194,580,117,YZ,
Wet,726,5,Wet3,10,11.6,691,215,52,YZ,
Wet,729,5,Wet3,36,12.9,3253,1034,48,YZ,
Wet,773,5,Wet3,6,8.8,192,96,7,YZ,
Wet,796,5,Wet3,34,16.6,4773,1039,66,YZ,
Wet,861,5,Wet3,17,11,1174,460,92,YZ,
Wet,Sterile,5,Wet3,9,,221,53,2,YZ,Missing data
Wet,16,6,Wet3,28,,2982,945,131,YZ,Missing data
Wet,56,6,Wet4,34,,4685,1310,112,YZ,Missing data
Wet,74,6,Wet4,14,14.4,1836,654,95,YZ,
Wet,97,6,Wet4,16,13.6,2292,927,80,YZ,
Wet,100,6,Wet4,13,12.1,2230,919,199,YZ,
Wet,108,6,Wet4,32,17.6,908,1005,63,YZ,
Wet,113,6,Wet4,39,13.3,4734,2080,300,YZ,
Wet,156,6,Wet4,31,16.5,3380,1409,82,YZ,
Wet,173,6,Wet4,31,12.8,3212,1069,150,YZ,
Wet,209,6,Wet4,37,17.8,6279,1751,28,YZ,
Wet,262,6,Wet4,36,15.8,5469,1999,120,YZ,
Wet,313,6,Wet4,27,12.8,2834,1057,250,YZ,
Wet,325,6,Wet4,38,11.8,4351,1583,125,YZ,
Wet,381,6,Wet4,27,17.7,3870,1036,92,YZ,
Wet,460,6,Wet4,27,17.7,3690,1091,109,YZ,
Wet,461,6,Wet4,14,17.2,2373,513,67,YZ,
Wet,462,6,Wet4,13,15.4,3031,759,68,YZ,
Wet,475,6,Wet4,48,14.9,5035,1351,93,YZ,
Wet,498,6,Wet4,3,1.5,36,62,55,YZ,
Wet,596,6,Wet4,21,14,4377,1234,167,YZ,
Wet,636,6,Wet4,28,16,5181,1241,79,YZ,
Wet,651,6,Wet4,13,18,1725,560,77,YZ,
Wet,706,6,Wet4,18,12,2112,627,128,YZ,
Wet,726,6,Wet4,20,14.5,3876,837,54,YZ,
Wet,729,6,Wet4,41,15.8,5319,1866,143,YZ,
Wet,773,6,Wet4,27,16.3,3175,1167,49,YZ,
Wet,796,6,Wet4,12,15.8,1013,236,65,YZ,
Wet,861,6,Wet4,15,,3950,1207,43,YZ,Missing data
Wet,Sterile,6,Wet3,9,,122,188,34,YZ,Missing data
Wet,16,7,Wet4,25,11.9,2972,1188,126,FS,
Wet,56,7,Wet4,17,15,3669,1430,153,FS,
Wet,74,7,Wet4,18,14.9,2754,841,77,FS,
Wet,97,7,Wet4,28,18.8,4625,876,83,FS,
Wet,100,7,Wet4,12,10,717,501,130,FS,
Wet,108,7,Wet4,33,15.7,5164,1177,163,FS,
Wet,113,7,Wet4,34,12.5,4534,1645,213,FS,
Wet,156,7,Wet4,13,16.7,3117,1095,61,FS,
Wet,173,7,Wet4,16,,1689,662,37,FS,Missing data
Wet,209,7,Wet4,35,16.2,5497,1602,138,FS,
Wet,262,7,Wet4,39,,5848,2630,103,FS,Missing data
Wet,313,7,Wet4,18,14.2,1979,1049,79,FS,
Wet,325,7,Wet4,42,13.8,6584,2472,197,FS,
Wet,381,7,Wet4,22,15.7,3697,928,201,FS,
Wet,460,7,Wet4,13,12.7,2534,770,62,FS,
Wet,461,7,Wet4,26,11.9,4704,1231,45,FS,
Wet,462,7,Wet4,14,20.2,2778,612,82,FS,
Wet,475,7,Wet4,23,14.3,3167,630,79,FS,
Wet,498,7,Wet4,3,1.6,21,21,34,FS,
Wet,596,7,Wet4,16,14.8,1765,531,67,FS,
Wet,636,7,Wet4,32,14.2,5995,1487,143,FS,
Wet,651,7,Wet5,12,10.8,428,178,40,FS,
Wet,706,7,Wet5,7,7.4,80,53,20,FS,
Wet,726,7,Wet5,38,14.5,5497,1780,126,FS,
Wet,729,7,Wet5,38,10.2,4940,2045,140,FS,
Wet,773,7,Wet5,22,13.1,2471,805,34,FS,
Wet,796,7,Wet5,42,17.6,7159,1729,104,FS,
Wet,861,7,Wet5,37,19,6125,1537,217,FS,
Wet,Sterile,7,Wet4,10,,15,17,0,FS,Missing data
Wet,16,8,Wet5,48,13.1,7877,2054,180,YZ,
Wet,56,8,Wet5,34,16.8,5175,1599,267,YZ,
Wet,74,8,Wet5,19,12,1754,476,61,YZ,
Wet,97,8,Wet5,25,16.1,4705,1270,203,YZ,
Wet,100,8,Wet5,9,4.3,37,29,4,YZ,
Wet,108,8,Wet5,20,15,3101,639,108,YZ,
Wet,113,8,Wet5,20,18,4264,1127,117,YZ,
Wet,156,8,Wet5,32,14.5,5843,1847,98,YZ,
Wet,173,8,Wet5,41,13.4,9010,2212,64,YZ,
Wet,209,8,Wet5,31,12.2,3570,1051,286,YZ,
Wet,262,8,Wet5,33,12.7,5617,1623,78,YZ,
Wet,313,8,Wet5,37,15.4,3236,1031,190,YZ,
Wet,325,8,Wet5,40,16,5852,1337,116,YZ,
Wet,381,8,Wet5,27,14.5,2631,751,143,YZ,
Wet,460,8,Wet5,21,16.4,2693,777,105,YZ,
Wet,461,8,Wet5,29,15.2,4892,929,87,YZ,
Wet,462,8,Wet5,20,13.5,2850,926,81,YZ,
Wet,475,8,Wet5,22,14.6,1802,752,113,YZ,
Wet,498,8,Wet5,5,3.1,33,31,34,YZ,
Wet,596,8,Wet5,16,16.2,4047,872,111,YZ,
Wet,636,8,Wet5,18,16.1,1349,531,105,YZ,
Wet,651,8,Wet5,35,13.5,5291,949,65,YZ,
Wet,706,8,Wet5,25,18.6,3961,1098,98,YZ,
Wet,726,8,Wet5,6,5,125,63,31,YZ,
Wet,729,8,Wet5,24,16.8,2344,438,114,YZ,
Wet,773,8,Wet5,33,14,5377,1019,43,YZ,
Wet,796,8,Wet5,18,15.4,4659,1406,82,YZ,
Wet,861,8,Wet5,16,12.4,1742,367,57,YZ,
Wet,Sterile,8,Wet5,15,,449,556,1,YZ,Missing data
Wet,16,9,Wet5,21,14,2423,639,43,FS,
Wet,56,9,Wet5,42,9,4832,2390,110,FS,
Wet,74,9,Wet5,19,14,3330,1107,122,FS,
Wet,97,9,Wet5,20,10.4,2904,940,66,FS,
Wet,100,9,Wet5,15,11.7,503,400,85,FS,
Wet,108,9,Wet5,43,10.7,3309,1072,64,FS,
Wet,113,9,Wet5,22,9.2,1405,494,95,FS,
Wet,156,9,Wet5,16,11.9,1745,527,51,FS,
Wet,173,9,Wet5,30,6.3,889,379,53,FS,
Wet,209,9,Wet5,29,13.3,3504,1315,62,FS,
Wet,262,9,Wet5,16,10.8,4170,1607,55,FS,
Wet,313,9,Wet5,21,10.5,2422,531,86,FS,
Wet,325,9,Wet6,17,10.5,2174,873,204,FS,
Wet,381,9,Wet6,17,14.5,2691,1005,77,FS,
Wet,460,9,Wet6,16,13.6,2705,752,4,FS,
Wet,461,9,Wet6,25,12.2,2962,1125,60,FS,
Wet,462,9,Wet6,31,17.5,4409,1178,78,FS,
Wet,475,9,Wet6,,,,,,FS,No germination
Wet,498,9,Wet6,6,1.6,20,7,27,FS,
Wet,596,9,Wet6,16,12.2,1353,643,93,FV,
Wet,636,9,Wet6,41,12.4,6992,1786,108,FV,
Wet,651,9,Wet6,29,15.3,4465,1087,49,FV,
Wet,706,9,Wet6,16,9.8,1323,684,98,FV,
Wet,726,9,Wet6,25,15.4,3906,989,88,FV,
Wet,729,9,Wet6,33,11.4,3925,913,93,FV,
Wet,773,9,Wet6,10,9.8,790,298,34,FV,
Wet,796,9,Wet6,20,17.4,2803,582,43,FV,
Wet,861,9,Wet6,18,12.7,3386,745,60,FV,
Wet,Sterile,9,Wet5,9,10,21,16,1,FS,
Wet,16,10,Wet6,13,12.5,721,300,62,SP,
Wet,56,10,Wet6,24,14.3,2358,939,44,SP,
Wet,74,10,Wet6,51,22,3899,1013,53,SP,
Wet,97,10,Wet6,21,14,4932,2116,42,SP,
Wet,100,10,Wet6,37,12.4,3410,919,101,SP,
Wet,108,10,Wet6,36,12.4,6468,2326,108,SP,
Wet,113,10,Wet6,28,12.4,2738,608,27,SP,
Wet,156,10,Wet6,20,10.8,2560,949,53,SP,
Wet,173,10,Wet6,22,13.8,2330,1023,83,SP,
Wet,209,10,Wet6,37,16.1,3611,1152,81,SP,
Wet,262,10,Wet6,21,13.3,2779,1044,117,SP,
Wet,313,10,Wet6,43,14.3,3197,1131,82,SP,
Wet,325,10,Wet6,16,12.2,2171,687,35,SP,
Wet,381,10,Wet6,22,12,3046,947,111,SP,
Wet,460,10,Wet6,15,13.5,1287,608,86,SP,
Wet,461,10,Wet6,18,17.3,3618,1088,47,SP,
Wet,462,10,Wet6,48,15,5482,1073,85,SP,
Wet,475,10,Wet6,31,13.5,3509,1114,82,SP,
Wet,498,10,Wet6,,,,,,SP,No germination
Wet,596,10,Wet6,30,16.2,3957,945,75,SP,
Wet,636,10,Wet6,12,15.1,1630,784,48,SP,
Wet,651,10,Wet6,13,,1082,403,77,SP,Missing data
Wet,706,10,Wet6,24,12,2686,714,102,SP,
Wet,726,10,Wet6,10,19.4,4067,996,101,SP,
Wet,729,10,Wet6,36,15,5106,1167,90,SP,
Wet,773,10,Wet6,13,13.5,3380,979,76,SP,
Wet,796,10,Wet6,27,17.8,4541,1075,102,SP,
Wet,861,10,Wet6,16,,3163,765,107,SP,Missing data
Wet,Sterile,10,Wet6,12,,1846,725,33,SP,Missing data
Wet,16,11,Wet6,15,,318,161,23,FV,Missing data
Wet,56,11,Wet6,33,13.7,4042,921,118,FV,
Wet,74,11,Wet6,17,15,2898,898,52,FV,
Wet,97,11,Wet7,12,15.5,1765,739,58,FV,
Wet,100,11,Wet7,12,10.6,486,300,47,FV,
Wet,108,11,Wet7,15,7.4,190,153,33,FV,
Wet,113,11,Wet7,23,12,2299,777,91,FV,
Wet,156,11,Wet7,37,10.8,3985,1178,89,FV,
Wet,173,11,Wet7,36,15.8,4979,1860,68,FV,
Wet,209,11,Wet7,37,14.8,4088,1050,93,FV,
Wet,262,11,Wet7,40,12.8,3392,1108,79,FV,
Wet,313,11,Wet7,24,15.8,4562,1408,63,FV,
Wet,325,11,Wet7,16,12.8,2142,788,66,FV,
Wet,381,11,Wet7,25,12.8,3556,1178,80,FV,
Wet,460,11,Wet7,19,16.4,2014,919,100,FV,
Wet,461,11,Wet7,45,10.8,4131,723,40,FV,
Wet,462,11,Wet7,19,19.1,4097,1068,41,FV,
Wet,475,11,Wet7,30,,4027,1440,150,FV,Missing data
Wet,498,11,Wet7,3,,,,,FV,No germination
Wet,596,11,Wet7,36,15.1,5680,1216,98,FV,
Wet,636,11,Wet7,28,15,2978,725,28,FV,
Wet,651,11,Wet7,16,15.2,2100,880,59,FV,
Wet,706,11,Wet7,27,16.8,2668,912,151,FV,
Wet,726,11,Wet7,30,15.4,4330,1696,42,FV,
Wet,729,11,Wet7,37,10.1,4274,1255,23,FV,
Wet,773,11,Wet7,15,,3136,1093,,FV,Missing roots
Wet,796,11,Wet7,33,15.2,5738,1748,,FV,Missing roots
Wet,861,11,Wet7,16,8.4,849,583,,FV,Missing roots
Wet,Sterile,11,Wet6,6,,34,24,0,FV,Missing data
Wet,16,12,Wet7,16,14.3,2461,652,117,YZ,
Wet,56,12,Wet7,16,17.5,1210,308,42,YZ,
Wet,74,12,Wet7,16,13.2,845,382,91,YZ,
Wet,97,12,Wet7,41,14.8,5679,1899,219,YZ,
Wet,100,12,Wet7,12,14.6,604,332,125,YZ,
Wet,108,12,Wet7,42,13.3,6012,1723,222,YZ,
Wet,113,12,Wet7,31,14.9,5043,1470,124,YZ,
Wet,156,12,Wet7,32,13.3,4590,1894,135,YZ,
Wet,173,12,Wet7,22,13.4,5160,1498,62,YZ,
Wet,209,12,Wet7,30,16.5,3462,858,95,YZ,
Wet,262,12,Wet7,51,12.4,6820,1723,170,YZ,
Wet,313,12,Wet7,25,13.4,4181,889,70,YZ,
Wet,325,12,Wet7,48,11.5,6846,2069,164,YZ,
Wet,381,12,Wet7,38,14.8,6624,1657,65,YZ,
Wet,460,12,Wet7,13,11.5,425,224,33,YZ,
Wet,461,12,Wet7,19,14.9,4314,913,201,YZ,
Wet,462,12,Wet7,22,20.5,4005,878,68,YZ,
Wet,475,12,Wet7,22,14.8,3920,1116,76,YZ,
Wet,498,12,Wet7,,,,,,,
Wet,596,12,Wet7,33,12.4,4159,1125,89,YZ,
Wet,636,12,Wet7,25,15.2,4329,1133,100,YZ,
Wet,651,12,Wet7,45,11.1,6451,1947,65,YZ,
Wet,706,12,Wet7,13,11.2,964,395,160,YZ,
Wet,726,12,Wet8,38,11.8,7241,2168,169,YZ,
Wet,729,12,Wet8,34,16.5,4063,736,143,YZ,
Wet,773,12,Wet8,16,11.5,1886,514,35,YZ,
Wet,796,12,Wet8,61,15.6,6287,1283,129,YZ,
Wet,861,12,Wet8,45,13.3,4250,748,158,YZ,
Wet,Sterile,12,Wet7,6,,91,6,0,YZ,Missing data
Wet,16,13,Wet8,25,11.4,3735,1779,44,SP,
Wet,56,13,Wet8,41,12.4,4574,1302,100,SP,
Wet,74,13,Wet8,20,15.1,3125,786,56,SP,
Wet,97,13,Wet8,10,17,2764,768,86,SP,
Wet,100,13,Wet8,7,4,97,59,23,SP,
Wet,108,13,Wet8,10,13.6,1105,379,24,SP,
Wet,113,13,Wet8,20,18.6,5730,1253,54,SP,
Wet,156,13,Wet8,16,17.1,1959,942,106,SP,
Wet,173,13,Wet8,25,17.8,5069,1162,80,SP,
Wet,209,13,Wet8,45,16.5,5306,1513,92,SP,
Wet,262,13,Wet8,33,16.2,4078,1295,119,SP,
Wet,313,13,Wet8,28,,6554,2253,67,SP,Missing data
Wet,325,13,Wet8,40,12.5,5900,1393,85,SP,
Wet,381,13,Wet8,24,16.9,4235,1053,41,SP,
Wet,460,13,Wet8,3,,,,,SP,No germination
Wet,461,13,Wet8,25,14.4,4940,1055,76,SP,
Wet,462,13,Wet8,33,14.6,4875,1026,93,SP,
Wet,475,13,Wet8,57,18.5,5536,1122,77,SP,
Wet,498,13,Wet8,6,,,,,SP,No germination
Wet,596,13,Wet8,45,,5232,1205,82,SP,Missing data
Wet,636,13,Wet8,27,16.9,4728,1335,76,FV,
Wet,651,13,Wet8,11,18.6,1075,509,68,FV,
Wet,706,13,Wet8,15,14.7,1672,556,58,FV,
Wet,726,13,Wet8,27,,3871,1241,129,FV,Missing data
Wet,729,13,Wet8,31,,6115,1550,159,FV,Missing data
Wet,773,13,Wet8,16,14.5,3001,755,51,FV,
Wet,796,13,Wet8,18,14.2,3867,798,50,FV,
Wet,861,13,Wet8,35,13.9,5249,1236,85,FV,
Wet,Sterile,13,Wet8,21,,4467,880,71,SP,Missing data
Wet,16,14,Wet8,17,18.4,3728,783,83,FV,
Wet,56,14,Wet8,22,17.9,3638,1028,154,FV,
Wet,74,14,Wet8,25,15.3,5558,1756,114,FV,
Wet,97,14,Wet8,2,,87,53,0,FV,Missing data
Wet,100,14,Wet8,5,,16,8,0,FV,Missing data
Wet,108,14,Wet8,39,,3626,993,77,FV,Missing data
Wet,113,14,Wet8,16,11.5,1561,688,40,FV,
Wet,156,14,Wet8,18,18.6,5595,1625,68,FV,
Wet,173,14,Wet8,32,13.9,4923,1325,111,FV,
Wet,209,14,Wet8,18,16.1,2545,783,118,FV,
Wet,262,14,Wet8,30,12.4,3848,1240,110,FV,
Wet,313,14,Wet8,16,11.2,1382,585,63,FV,
Wet,325,14,Wet8,17,15.5,3128,903,3,FV,
Wet,381,14,Wet8,36,16.4,5277,1509,71,FV,
Wet,460,14,Wet9,16,10.2,1394,523,60,FV,
Wet,461,14,Wet9,22,10.6,3507,957,122,FV,
Wet,462,14,Wet9,13,14,1269,427,44,FV,
Wet,475,14,Wet9,9,9.5,267,78,43,FV,
Wet,498,14,Wet9,3,,,,,FV,No germination
Wet,596,14,Wet9,15,11,1928,720,65,FV,
Wet,636,14,Wet9,12,9.4,1004,334,44,FV,
Wet,651,14,Wet9,19,13.3,3058,941,79,FV,
Wet,706,14,Wet9,21,9.8,1836,678,92,FV,
Wet,726,14,Wet9,31,,3927,1884,131,FV,Missing data
Wet,729,14,Wet9,16,10.8,2194,566,110,FV,
Wet,773,14,Wet9,12,13.7,804,361,58,FV,
Wet,796,14,Wet9,27,12.5,5196,1615,138,FV,
Wet,861,14,Wet9,29,10.9,2534,550,60,FV,
Wet,Sterile,14,Wet8,10,,1566,409,33,FV,Missing data
Wet,16,15,Wet9,52,15.4,5086,1376,95,FS,
Wet,56,15,Wet9,19,13.5,3695,1069,5,FS,
Wet,74,15,Wet9,12,8,591,301,29,FS,
Wet,97,15,Wet9,51,11.2,7925,1690,88,FS,
Wet,100,15,Wet9,18,11.5,2691,782,143,FS,
Wet,108,15,Wet9,,,,,,FS,No germination
Wet,113,15,Wet9,22,19.4,3653,1162,207,FS,
Wet,156,15,Wet9,,,,,,FS,No germination
Wet,173,15,Wet9,13,13.2,1277,526,27,FS,
Wet,209,15,Wet9,16,12.1,1468,647,30,FS,
Wet,262,15,Wet9,16,14.3,773,1080,44,FS,
Wet,313,15,Wet9,,,,,,FS,No germination
Wet,325,15,Wet9,40,9,3913,1395,115,FS,
Wet,381,15,Wet9,16,13.5,2724,971,124,SP,
Wet,460,15,Wet9,15,16.2,1439,453,102,SP,
Wet,461,15,Wet9,21,14.4,2966,694,108,SP,
Wet,462,15,Wet9,,,,,,SP,No germination
Wet,475,15,Wet9,45,10.5,4868,1445,112,SP,
Wet,498,15,Wet9,,,,,,SP,No germination
Wet,596,15,Wet9,18,15.8,2884,1007,118,SP,
Wet,636,15,Wet9,10,,23,39,22,SP,
Wet,651,15,Wet9,17,15.1,2413,732,95,SP,
Wet,706,15,Wet9,,,,,,SP,No germination
Wet,726,15,Wet9,27,,4168,1589,133,SP,
Wet,729,15,Wet9,15,15.5,2188,421,46,SP,
Wet,773,15,Wet9,13,9.5,1936,620,25,SP,
Wet,796,15,Wet9,24,11.8,3656,893,100,SP,
Wet,861,15,Wet9,,,,,,SP,No germination
Wet,Sterile,15,Wet9,,,,,,FS,No germination
